{
  "id": "pf2e-npc-auto-builder",
  "name": "pf2e-npc-auto-builder",
  "title": "PF2E NPC Auto-Builder",
  "description": "AI-powered Pathfinder 2e NPC generator. Describe an NPC and get a fully statted actor with abilities, spells, and equipment — ready to use in your game.",
  "version": "1.2.0",
  "authors": [
    {
      "name": "JamesCfer"
    }
  ],
  "url": "https://github.com/JamesCfer/Pf2eNpcMaker",
  "bugs": "https://github.com/JamesCfer/Pf2eNpcMaker/issues",
  "license": "LICENSE",
  "manifest": "https://github.com/JamesCfer/Pf2eNpcMaker/releases/latest/download/module.json",
  "download": "https://github.com/JamesCfer/Pf2eNpcMaker/releases/download/v1.2.0/pf2e-npc-auto-builder-v1.2.0.zip",
  "compatibility": {
    "minimum": "13",
    "verified": "13"
  },
  "systems": ["pf2e"],
  "esmodules": [
    "scripts/npc-builder.js"
  ],
  "styles": [
    "styles/builder.css"
  ],
  "templateDir": "templates"
}